4387.13294384669,-601.064192586835,-601.064192586835,4967.00726068727
4170.37818841175,-600.076701659093,-600.076701659093,5316.68115347932
3950.22100364807,-519.587391044458,-519.587391044458,5307.30830808704
3875.87757600508,-356.124682763452,-356.124682763452,4775.83982058945
3962.76130426094,-577.778587147549,-577.778587147549,5063.11349832189
4259.86084711039,-468.254450227141,-468.254450227141,4700.82002385051
3898.57104599899,-515.651333227199,-515.651333227199,5150.33534173062
4299.2707143731,-520.759740340957,-520.759740340957,4700.02576385589
4136.04032031115,-579.95646263026,-579.95646263026,4753.56936639707
4075.36855677829,-601.071255943653,-601.071255943653,5209.0313849991
3886.02664787495,-485.51248801208,-485.51248801208,5164.696884331
3831.03721302265,-471.475133229057,-471.475133229057,5223.76558423386
4094.76604537759,-717.15505696622,-717.15505696622,5288.63466916246
4386.42398548826,-529.852956075202,-529.852956075202,4891.65287817562
4015.6426921498,-566.812588275438,-566.812588275438,4880.4177735453
4170.59993843318,-565.69944358937,-565.69944358937,4931.39605640702
4132.77088810297,-560.389913868572,-560.389913868572,5317.94918187881
4139.99523530076,-510.411291753374,-510.411291753374,5052.17319709351
4097.54912089983,-768.549939316633,-768.549939316633,5314.40773800073
4180.46611881602,-514.297196202124,-514.297196202124,4879.65715982891
3964.2671104363,-651.027796240385,-651.027796240385,4652.02364452807
4155.83007985019,-245.822500183754,-245.822500183754,4591.19601782403
4120.56122031816,-504.702474415324,-504.702474415324,5048.99663910076
3988.2839700133,-211.355598001833,-211.355598001833,4871.63573911913
4286.33064939509,-759.015957592354,-759.015957592354,5102.11960031421
4188.6388581696,-617.461390020143,-617.461390020143,4862.62128731937
3759.38632664367,-524.320613657987,-524.320613657987,4659.02811430531
4292.31741350862,-491.505833160464,-491.505833160464,5478.19479595468
4114.0766158461,-683.767691552308,-683.767691552308,4754.46325192637
4134.44839461436,-711.680879079621,-711.680879079621,4812.6847349181
4000.69652501116,-425.089172487534,-425.089172487534,4957.04986487445
3962.90331466955,-562.557052487987,-562.557052487987,4952.40448857185
4166.98407832587,-450.242101939712,-450.242101939712,5124.53671692292
3907.96964458128,-474.423384612005,-474.423384612005,4911.76461840561
4239.99136928541,-716.082961730318,-716.082961730318,4954.97282134059
3929.05867443074,-678.527024407117,-678.527024407117,4986.25804425579
4091.4819757181,-566.22045337163,-566.22045337163,5542.59883738196
3908.05962681669,-686.728498800112,-686.728498800111,5278.8368238198
4282.2543714675,-326.440326316062,-326.440326316062,4731.87084177765
4142.89370548292,-582.534614023822,-582.534614023822,4904.61278306805
4057.4604566513,-481.767634702242,-481.767634702243,5113.25543529801
3788.88265698323,-447.88046497559,-447.88046497559,5097.63507794409
4171.32567908968,-513.285959662234,-513.285959662234,4839.29727057012
4150.5430291475,-526.840866394033,-526.840866394033,5074.28024888669
4128.80137683301,-517.53865642745,-517.53865642745,5262.18398346836
4171.93705273291,-563.566746282679,-563.566746282679,4896.93286470529
3953.14036246597,-367.63924358921,-367.63924358921,5018.02144856724
4097.15411092919,-381.803019968218,-381.803019968218,5091.05089392595
3938.33483620293,-497.20225057318,-497.20225057318,5202.7533238105
4074.72384598939,-401.285036399935,-401.285036399935,4901.87700528184
3853.39497581342,-550.746387072924,-550.746387072924,5081.06836884107
3806.85861244345,-571.799684153465,-571.799684153465,4823.16946339305
4198.63257020733,-592.172370303018,-592.172370303018,5176.1828620469
4035.80061059139,-450.926881430742,-450.926881430742,4779.52186149585
4206.94793523945,-968.16766277005,-968.16766277005,5339.63561111542
4085.97131559785,-426.859979086765,-426.859979086765,5031.38246343393
3739.02042048627,-293.471863073645,-293.471863073645,4743.74939959706
4060.09878266682,-658.162663056802,-658.162663056803,5001.8918573386
4097.42381110995,-613.512144497874,-613.512144497874,5321.78307610313
3946.47819324971,-328.278194994969,-328.278194994969,5039.55121410702
3975.28786133211,-312.728322386337,-312.728322386337,4838.19259331233
4157.63002264001,-692.782461674388,-692.782461674388,5176.33039046691
4172.79763217413,-533.943121171045,-533.943121171045,5204.08753803338
4008.14799029018,-589.58444600376,-589.58444600376,5183.75632424367
4098.49712688257,-656.147285880342,-656.147285880342,4831.1412447365
3978.69371959659,-507.110014632608,-507.110014632608,5291.26835448267
4143.83487731938,-610.002648464621,-610.002648464621,4955.77180703148
4201.74702876172,-542.708085200286,-542.708085200286,5046.1351243972
3664.82206333748,-296.343247317206,-296.343247317206,5230.79552664895
4229.69489214517,-514.376493030524,-514.376493030524,4718.23446794916
4221.80629980233,-486.780058779994,-486.780058779994,4951.31379436735
4127.56944285078,-418.689749737012,-418.689749737012,4555.67484046829
4216.11523642246,-539.625780624621,-539.625780624621,4794.1543090478
3617.32652917384,-372.134495366956,-372.134495366956,5236.00734285936
4247.94028624376,-471.361719729359,-471.361719729359,4795.15243219246
4228.6082355428,-605.094068136978,-605.094068136978,4798.48243882858
3986.41893152751,-532.881282166672,-532.881282166672,4982.788896778
4165.47869719736,-569.282238761165,-569.282238761165,4837.23675428489
4235.32116600111,-545.08776098069,-545.08776098069,4934.7418430701
3949.91810444573,-483.301365640888,-483.301365640888,4920.15909596546
4098.74410638424,-481.036913617119,-481.036913617119,4814.4867421243
3793.07491817949,-526.115199788055,-526.115199788055,5127.88672541701
4265.97517673501,-681.664585476675,-681.664585476675,5101.1997720189
4023.29441952328,-447.0644543085,-447.0644543085,5209.12802242198
3867.51611775611,-573.034484765953,-573.034484765953,5071.93753189011
4042.00106261275,-519.685006921521,-519.685006921521,5344.22075586473
3893.26177594278,-443.254205512947,-443.254205512947,5219.6550653936
4283.26600239027,-467.187730849586,-467.187730849586,4901.62037613193
3646.80852633321,-569.253547198157,-569.253547198156,4772.72414447565
4159.82027143767,-579.402198092169,-579.402198092169,4999.30474348624
4490.02209572584,-639.744299397877,-639.744299397877,5219.86539962001
4118.2845125857,-381.19032540531,-381.19032540531,5030.45854751925
4035.04056722714,-520.811148783405,-520.811148783406,5078.5727418199
4008.66013047385,-272.350018257058,-272.350018257058,4865.65240578976
3868.12452037926,-352.87714845278,-352.87714845278,4860.18400912422
4139.10504800566,-525.414311531883,-525.414311531883,5021.38572094174
4026.00275020432,-552.096727412645,-552.096727412645,4771.22820755869
4029.77137736236,-440.993249560479,-440.993249560479,5013.40699355597
3816.38564769197,-575.195832451573,-575.195832451573,4893.75855851746
4024.62973942229,-407.581406025763,-407.581406025763,5043.05768167037
4405.73886766862,-434.8870908257,-434.8870908257,4944.11030631867
3912.69475657131,-366.214324811747,-366.214324811747,5195.07360398841
4214.47883618196,-541.703729943962,-541.703729943962,5098.19224684266
4027.23669674263,-488.612403753486,-488.612403753486,5126.6577757359
4105.76137429538,-435.806726598067,-435.806726598067,4820.98578970739
3969.62416742339,-466.182511020662,-466.182511020662,4824.58857549353
3977.85936317404,-473.550161641304,-473.550161641304,4904.66350410542
4145.21367017168,-654.29391938149,-654.29391938149,4889.6607105656
4134.48394959144,-737.359884104441,-737.359884104441,4998.28925202987
4164.13600747562,-528.581220380209,-528.581220380209,5055.11046258196
4170.69048083127,-633.796343636381,-633.796343636381,5202.82314910894
4272.9435942575,-738.62561346383,-738.625613463831,4989.99868392951
4074.13654092934,-448.892157322859,-448.892157322859,5091.75093324805
3912.28514929664,-477.794883115193,-477.794883115193,4622.66221036296
4116.89271219728,-509.447032800411,-509.447032800411,4892.80928671347
4137.70848252552,-512.566236983418,-512.566236983418,4847.63171954573
4055.673749847,-856.304083535126,-856.304083535126,4933.77423557518
4147.15667606961,-392.586723016306,-392.586723016306,4814.76547998403
4073.78817135462,-378.437102678144,-378.437102678144,5294.32031247385
4032.02801299318,-603.894515465646,-603.894515465646,5112.36112142174
4033.20379464295,-429.783032749496,-429.783032749496,5225.23483667948
3968.33582661436,-390.213758066271,-390.213758066271,4718.85536079594
4014.08276782319,-436.495593263736,-436.495593263736,4725.37203665559
4107.41860874677,-716.447342041564,-716.447342041564,4939.72358767478
4300.36772703821,-691.347689627838,-691.347689627838,4855.84178789085
4045.92950229266,-437.554148292085,-437.554148292085,5107.86834597781
4044.29891600663,-703.459803387888,-703.459803387888,4955.24470028569
4121.79572477187,-316.17100045345,-316.17100045345,5396.41795007192
4273.73942837932,-708.127244391125,-708.127244391125,5169.46563953256
4056.72149727319,-517.355394310348,-517.355394310347,4977.01348779122
4235.21766803645,-708.416846576808,-708.416846576808,5212.71551670315
4425.45861801694,-361.540294708428,-361.540294708428,4490.85845855204
4254.73682620131,-610.088326799517,-610.088326799517,4669.15441118887
3963.29245604863,-499.273195176233,-499.273195176233,5149.82648748765
4106.40867806395,-227.341016486512,-227.341016486512,4903.74626268113
3807.85788897167,-531.613471446878,-531.613471446878,4818.37510235186
3994.34063735649,-403.555884477042,-403.555884477042,5220.54833806034
4095.57997551677,-532.506199790382,-532.506199790382,5037.47913793108
4110.23041585818,-582.442372101749,-582.442372101749,4871.6255029631
4150.94970911406,-507.330031950494,-507.330031950494,4832.49910924989
3851.25228007154,-456.556693180996,-456.556693180996,5032.20271411764
4062.93335227478,-406.191066376425,-406.191066376425,4777.37585059562
3925.41340667032,-612.985796123563,-612.985796123563,4780.22795897198
4304.62992255239,-482.536774807071,-482.536774807071,5078.96654888875
4024.31908899508,-571.760563599478,-571.760563599478,4843.61616816866
3926.77603223182,-523.043888810454,-523.043888810454,5123.24113454801
4224.28320698081,-573.635866252232,-573.635866252232,5212.17563915042
4024.33398747705,-783.35842585448,-783.35842585448,4974.94521964992
4311.73862310525,-518.042520038328,-518.042520038328,5239.77448515846
4283.32211901677,-540.857831590874,-540.857831590874,4549.82935563253
4338.54810670488,-475.116378976655,-475.116378976654,5223.59129806319
4002.65938462204,-556.538479364975,-556.538479364975,5124.10448302452
3932.92128989602,-480.359612120952,-480.359612120952,4678.23290915894
3970.5714443918,-411.976241985128,-411.976241985128,4886.22003235605
3910.34874236786,-448.889539183374,-448.889539183374,5047.86808088414
4099.15423253058,-590.77772938422,-590.77772938422,5181.97170085705
4332.58704644239,-504.309319981324,-504.309319981324,5055.72003636232
4237.12362614103,-587.391299405306,-587.391299405307,4958.85961902185
4200.54864083079,-375.100287454041,-375.100287454041,4631.11534846177
4085.78204660459,-647.966508536067,-647.966508536067,4590.69901527692
4242.77255981944,-320.578198466791,-320.578198466791,5061.25279995912
4110.48067902034,-401.309537584737,-401.309537584737,5053.65469042272
4128.86985943614,-421.836380148312,-421.836380148312,4817.97431341455
3665.79345863134,-288.076999987329,-288.076999987329,5047.96919545022
4048.45132405644,-526.366245666129,-526.366245666129,4834.42457464904
3797.57084903048,-387.925673150712,-387.925673150712,4736.04276456501
3907.13609900055,-390.19191762967,-390.19191762967,5061.81631226567
4120.30018178841,-696.521067513048,-696.521067513048,4826.15732026377
3887.59967192577,-528.69626834205,-528.69626834205,4763.81461108512
3954.61871880694,-574.723800640721,-574.723800640721,4854.43698712133
4267.6827911696,-566.968511455428,-566.968511455428,5012.52041169282
4080.40018304733,-320.932027158452,-320.932027158452,4922.62318278838
4252.43773811968,-574.531551749461,-574.531551749461,4990.43586957312
4182.19122925554,-464.644907231716,-464.644907231716,4759.69849323515
4094.33420197974,-400.000197816046,-400.000197816046,5025.11960924544
4233.82237011407,-477.623093408968,-477.623093408968,5194.98133854647
4143.53227692632,-560.071888875204,-560.071888875204,5367.65321191312
4025.70943686427,-484.236048317127,-484.236048317127,5150.06690469197
4427.35961712557,-479.039790564398,-479.039790564398,5159.43754786346
4136.44739627201,-562.392902225412,-562.392902225412,5034.75215274195
4288.6597601251,-723.500475066641,-723.50047506664,5101.74390933447
4200.51052662736,-536.159432169131,-536.159432169131,5083.941150088
4133.65846083765,-528.247923852564,-528.247923852564,4991.90540648573
4055.33157714195,-723.416378728813,-723.416378728813,5009.22367979966
4201.7145267854,-662.957378562556,-662.957378562556,5319.2582821426
4018.51073475174,-484.681706637825,-484.681706637825,4761.05236670189
3895.28372496823,-409.225224690047,-409.225224690047,4938.85761716267
4000.99654611947,-481.769727448777,-481.769727448777,5032.16575123115
3928.94735972667,-643.176069970564,-643.176069970564,4851.64869997199
4388.91753811847,-495.738282122797,-495.738282122797,4883.90447930041
3987.6027947162,-436.94793740705,-436.94793740705,4781.78404238378
3687.71944820509,-751.539806727473,-751.539806727473,4920.44690258105
3985.62899595197,-619.849522090643,-619.849522090643,5123.75683540016
3952.22987756356,-498.755023697379,-498.755023697379,5029.65628793169
4084.24936698328,-830.930129873366,-830.930129873366,5250.09625264121
3940.21035425637,-539.750455820602,-539.750455820602,4857.72165814732
4400.66594683062,-674.340946746548,-674.340946746548,4867.91418824281
4087.61304591516,-582.90284697319,-582.90284697319,4906.68683908284
4067.55402364963,-384.575671806815,-384.575671806815,4874.69314339443
3853.22112872534,-509.398006700143,-509.398006700143,4828.98575085152
4079.02835026303,-457.766283512672,-457.766283512672,4631.12501555398
4338.10666070719,-668.56252676778,-668.56252676778,4886.58065000177
4052.19659248357,-563.660289039309,-563.660289039309,5110.52157699538
3802.17987883902,-403.638153502564,-403.638153502564,4822.87388917747
4153.20690216978,-534.58084512681,-534.58084512681,4803.22835675257
4188.67360054469,-604.935543210533,-604.935543210533,4778.79590437062
4078.07901433223,-470.683721363372,-470.683721363372,5038.07310890379
4402.61922249085,-654.372908492117,-654.372908492117,4807.69257731602
4045.83768475705,-521.179944540165,-521.179944540165,5052.30557329198
4326.14319778223,-515.557308826396,-515.557308826396,5360.0858999295
3958.05093766995,-511.362418416647,-511.362418416647,4804.35991271196
4168.573459093,-205.060840970924,-205.060840970924,4950.4570095106
3946.09079344912,-415.178083118614,-415.178083118614,5123.3421489877
4089.98680961634,-536.086142744827,-536.086142744827,4916.29794478736
4136.3150675292,-347.082472408531,-347.082472408531,4874.04968464609
3946.48102103677,-317.297976990882,-317.297976990882,5010.21404521116
4168.21035690235,-298.780999104496,-298.780999104496,4775.75745817756
4057.00107147991,-341.062997447815,-341.062997447815,4967.78600021777
4208.70544028145,-535.694652264652,-535.694652264652,4743.33838666382
4015.62695985023,-489.351814348419,-489.351814348419,5070.42444243868
4113.77901618938,-332.209371980888,-332.209371980888,5072.45974512282
4171.56603846867,-400.951232761764,-400.951232761764,5073.8497571152
4004.68429150978,-368.12374183493,-368.12374183493,5030.07442413305
4008.95133815476,-582.985832543706,-582.985832543706,4733.92007556368
4147.66950211956,-635.990224045845,-635.990224045845,5012.85027626447
4172.85538492404,-340.892214760178,-340.892214760178,4998.30625327511
4245.11509944093,-635.544789538663,-635.544789538663,5199.38774160816
4258.96231850791,-467.971779768766,-467.971779768766,5099.02886829687
4043.62542690847,-634.168831368941,-634.168831368941,5272.88361916677
4159.47374815933,-515.20236224806,-515.20236224806,4630.36953692654
3989.01911813676,-505.474710973794,-505.474710973794,4903.0605953925
3942.7517188136,-541.665402194449,-541.665402194449,4849.88649782973
4429.13602181919,-571.907080926436,-571.907080926436,4630.58087384955
4162.01725053218,-513.116024084917,-513.116024084918,4958.2139285279
4259.48482843598,-822.970591477403,-822.970591477403,5184.33634515492
4258.37605292981,-588.590402244166,-588.590402244165,5034.05405301397
4241.40938371323,-564.354500185002,-564.354500185002,5327.38280618107
4006.89233392356,-418.160809154252,-418.160809154252,4755.14868331625
4078.74831582699,-469.530385259082,-469.530385259082,4870.77238364892
4059.91390971108,-465.519988287574,-465.519988287574,5056.3780071299
3909.94192103768,-448.581967208313,-448.581967208313,4910.13050595725
3931.6399928579,-326.621968578255,-326.621968578255,5114.81732603674
3730.72760248612,-479.044236245637,-479.044236245637,5048.8646900448
4064.55254863792,-196.124236182046,-196.124236182046,4605.81836736878
3979.64659758184,-496.972502766027,-496.972502766027,4885.53660043172
4016.35479879893,-567.546103523217,-567.546103523217,4911.02568022688
3999.78203351749,-521.615619027533,-521.615619027533,4923.34900962146
4008.92757624422,-534.076565196268,-534.076565196268,4871.2375106491
4025.49488926853,-395.475802477266,-395.475802477266,4979.82514311368
4213.17234290935,-545.980206007513,-545.980206007513,4823.20620853814
3875.94276144254,-308.175112181014,-308.175112181014,4680.57003389114
3791.13731500313,-465.530156340409,-465.530156340409,5126.48250065459
4038.53759039474,-679.87081513619,-679.87081513619,4836.45328662749
3967.26671540534,-442.14408612918,-442.14408612918,4681.92316924692
4031.01725004565,-553.650009635097,-553.650009635097,5117.92213123836
4078.48663764997,-556.943214090746,-556.943214090746,4825.12292782119
4161.45720128022,-406.542094291729,-406.542094291729,4807.79173669413
4019.65396435733,-577.411184919503,-577.411184919503,5302.74965855617
4226.57290839452,-692.273311009411,-692.273311009411,5129.17264024636
4240.97288346351,-455.716943618204,-455.716943618204,5084.6452949582
4017.77296714832,-629.760935555647,-629.760935555647,5132.70626072858
4160.71081582657,-623.323447017088,-623.323447017088,5385.40617919446
3885.22134002475,-387.567800235022,-387.567800235022,4924.92703893515
4155.48122281461,-414.615728689264,-414.615728689264,4896.32848966444
4284.72116803765,-805.491077410509,-805.491077410509,5184.15201255284
4161.25550384742,-600.010029702997,-600.010029702997,4866.08529112882
3887.90478537968,-548.009049278261,-548.009049278261,5027.727139055
4117.64387096375,-416.157491707514,-416.157491707514,4957.42716213265
4333.30154667457,-483.004129120851,-483.004129120851,4999.06116220872
4165.12245847976,-553.112370499602,-553.112370499602,4824.73178849776
4126.94266131237,-430.779895349855,-430.779895349855,5079.51746404149
3872.84990852416,-688.248927615564,-688.248927615564,5325.14911276659
4240.30471489644,-522.555696658558,-522.555696658558,4864.81375346757
4036.71737914066,-511.643254217502,-511.643254217502,4885.96325755433
4027.05495479158,-595.540045313089,-595.540045313089,5068.72207003624
4283.74679868867,-568.983083747212,-568.983083747212,4921.20180603648
4294.97153309192,-552.150756157698,-552.150756157698,5190.83345114746
4058.66075530315,-446.386582163053,-446.386582163053,5233.35291093854
3877.6413494797,-525.394185636446,-525.394185636446,4994.21560456315
4132.66602585087,-479.274322123032,-479.274322123032,4878.16044100853
4179.1036684524,-491.922587980756,-491.922587980756,4704.56381641092
4170.35221016867,-553.262623330769,-553.262623330769,5282.2912786841
3993.7914167122,-578.5361304211,-578.5361304211,4797.96076048588
4089.97870956883,-643.849039519998,-643.849039519998,4947.26512957484
3696.91842924035,-572.923025542732,-572.923025542732,4963.08800533487
4062.94811171405,-397.281301142277,-397.281301142277,4967.64915209553
4166.1790171707,-632.821228416296,-632.821228416296,5386.91849780213
4493.5776486044,-601.853363569273,-601.853363569273,4838.64015423829
3859.23414642661,-547.458777684175,-547.458777684175,4837.94516029677
4179.77512825755,-464.648212868861,-464.648212868861,4791.06433803008
4316.77661555162,-564.834046671995,-564.834046671995,4935.61988312326
4200.81731294703,-625.77950076776,-625.77950076776,4922.90306382735
3939.22690175251,-482.252443522046,-482.252443522046,4821.81581503567
4385.77408306517,-481.213912965842,-481.213912965842,5113.43987550804
4043.67278653536,-531.752091933973,-531.752091933973,4921.48530450621
3682.27204857303,-519.377998243718,-519.377998243718,5231.51280048766
3734.1922824851,-439.953435966746,-439.953435966746,4845.60278606656
3953.53388564489,-556.1020160251,-556.1020160251,5257.46423136036
3876.60875756605,-484.992259407207,-484.992259407207,5025.92856941604
3855.12975083149,-676.306784693503,-676.306784693503,4960.41365899081
3973.40232629682,-498.943834533104,-498.943834533104,5276.24596309824
4254.7137829967,-594.450108216366,-594.450108216366,4748.37663893844
4023.86227622057,-350.575189292691,-350.575189292691,4908.26233776672
3999.79099999753,-632.898284247142,-632.898284247142,4802.5457802004
4042.80083187114,-528.046680632159,-528.046680632159,5048.09160506474
4549.02095116712,-514.786561542215,-514.786561542215,5059.70838916496
4397.93086983629,-430.983832545334,-430.983832545334,5273.18926901707
4018.82631596796,-757.160557206723,-757.160557206723,4989.30740494511
3996.57031233081,-415.234005104157,-415.234005104157,4953.19247810811
3923.56186543443,-539.435103481199,-539.435103481199,4835.13002749183
4058.64004818704,-419.319463046945,-419.319463046945,5056.54958120507
4067.21072632931,-542.375765194731,-542.375765194731,5051.78607354218
3875.24400476103,-575.062256904923,-575.062256904923,4896.84354892144
3851.23422523637,-653.764547702392,-653.764547702392,5022.2086598132
3902.37741906086,-502.605851220856,-502.605851220856,4982.53234117328
3895.08237048096,-474.88810334,-474.88810334,5213.40785002898
4206.65593895564,-466.829157425989,-466.829157425989,4842.34807177131
4240.45092660936,-473.796582498908,-473.796582498908,5040.55801044803
4024.06368645015,-407.652973651568,-407.652973651568,5115.96595336814
4272.30247696802,-457.737246053562,-457.737246053562,4961.01019954212
4149.46485520482,-351.606118660299,-351.606118660299,4777.45852760856
3991.28559132298,-499.067095214263,-499.067095214263,4754.70254195435
3882.69049074975,-646.633252876987,-646.633252876987,5004.97572411636
4164.28065370238,-446.621184146591,-446.621184146591,4848.71885733175
4259.61446016634,-618.84381827832,-618.84381827832,4856.0837960267
4263.51373105966,-412.813413063813,-412.813413063813,4971.91858500866
4074.30833510472,-613.119592131751,-613.119592131751,4812.20156121454
3739.54984377669,-388.283758904516,-388.283758904516,5056.74471356373
3958.04971711763,-928.398899522603,-928.398899522603,5032.55995154256
4048.78497655135,-521.930624716481,-521.930624716481,5144.1382706723
3879.14267256664,-608.554640739616,-608.554640739616,4988.34338044266
3995.25083850223,-681.291426565147,-681.291426565148,5219.73927737792
3806.81209729173,-617.044633673466,-617.044633673466,4973.25244528091
4240.18343608222,-596.056713583463,-596.056713583463,4796.00534692267
3975.50906126794,-487.044410194644,-487.044410194644,4954.62921878958
4174.76259538491,-535.019205837868,-535.019205837868,4971.75435657073
3786.09751598037,-571.566248832302,-571.566248832302,5064.05694774304
4241.65125331115,-688.154909436144,-688.154909436144,5040.9303564862
3814.45898449981,-339.985655692621,-339.985655692621,5119.72480097592
4310.13496196437,-447.524809807036,-447.524809807036,4704.85763717194
3916.07280696181,-421.133693254191,-421.133693254191,4747.57344672516
4107.58240218828,-561.142165101701,-561.142165101701,4700.44554945441
4280.62977988847,-578.346289746187,-578.346289746187,4861.04709081622
4070.66660800127,-391.302078471792,-391.302078471792,4846.53273488813
4011.62389810009,-568.566515746654,-568.566515746654,4739.14210476458
4169.75988545805,-583.675987787679,-583.675987787679,4904.34800940078
4225.800642386,-342.802226421026,-342.802226421026,5228.33751407132
4055.57988746013,-499.689667094918,-499.689667094918,4905.10198984709
3962.73677055297,-532.720910535899,-532.720910535899,4840.10059207513
4014.64136728459,-490.453144190738,-490.453144190738,4946.65904946392
4131.81913230912,-488.822424287861,-488.822424287861,4925.90615966674
4136.4742167632,-700.252341522659,-700.252341522659,4876.98951493671
4106.46260638664,-580.326386757995,-580.326386757995,5331.35944143473
4181.54890456535,-534.183015009681,-534.183015009681,5006.28325021818
3955.17543983107,-362.968930417424,-362.968930417424,5186.53093490285
4086.14991572222,-739.887377830331,-739.887377830331,5099.61124253935
4176.29601737622,-654.570102209027,-654.570102209028,4880.42623960113
3953.47359777403,-252.503836599933,-252.503836599933,4775.47399727334
4070.83755185416,-300.068702084673,-300.068702084673,4898.27700351092
3982.30766703996,-683.95778455119,-683.95778455119,4969.93784744585
3875.46439980164,-485.394256085528,-485.394256085529,5044.5007554763
4421.15393545211,-863.204340540758,-863.204340540758,4994.91253635675
4101.18217620486,-468.769100103841,-468.769100103841,4960.65943402612
4307.37891752416,-742.685493595178,-742.685493595178,5173.09698167771
4110.02444825667,-543.224517207049,-543.224517207049,4930.19448049956
4060.44010123087,-541.981862774373,-541.981862774373,5201.96279616337
4195.11377775802,-738.776951561328,-738.776951561328,5062.79753953475
3944.97145319311,-575.647929981715,-575.647929981715,4888.19898262745
4116.16395540077,-391.550386014099,-391.550386014099,5243.81704466916
4106.06889633771,-582.315311483071,-582.315311483071,5195.47707407727
3967.82674249737,-442.46905536691,-442.46905536691,4937.89813384203
4027.18029760275,-465.219644864726,-465.219644864726,4894.55362314535
4020.99707743655,-322.223564684037,-322.223564684037,4850.57040255052
3939.00896153596,-393.678923342743,-393.678923342743,4963.92440188367
4109.83550870725,-484.831546569956,-484.831546569956,5056.31462685892
4243.93359048879,-564.327417776431,-564.327417776431,5090.55273927371
3887.30635544792,-507.166428406656,-507.166428406656,4532.08586113073
4085.27252677411,-421.491444613801,-421.491444613801,4926.92511662548
4151.75994295778,-479.67602915279,-479.67602915279,4872.15285628822
3747.13460881555,-446.208350432717,-446.208350432717,4814.81099666435
3968.71758850424,-311.165557887195,-311.165557887195,4798.7405205947
3885.06436728265,-552.787082943099,-552.787082943099,5058.30249594822
4167.64210310749,-594.272012965482,-594.272012965482,4994.32468710335
4121.8312737975,-489.394400951352,-489.394400951352,5148.80011000372
4134.4148842758,-613.193005011501,-613.193005011501,4780.64892241894
4253.66973680521,-547.012493026853,-547.012493026853,4891.34771591458
4206.92865729224,-322.05656236224,-322.05656236224,5204.69998216522
3969.11990139744,-635.143759540015,-635.143759540015,4946.79186005558
4062.54038454399,-443.454874560955,-443.454874560954,5280.51703462142
4074.53224230897,-446.944191925607,-446.944191925607,4977.12167646941
4107.49329657958,-752.93966604452,-752.93966604452,5350.17627907441
4006.13852114023,-742.046060968115,-742.046060968115,5042.45348549861
4412.99437631168,-323.113327195413,-323.113327195413,5171.82560533373
3883.63746362806,-312.040708243725,-312.040708243725,5084.98733635785
4209.2534722752,-541.212032749727,-541.212032749727,4982.68809583478
4273.81507108359,-457.867038703779,-457.867038703779,4971.94331921203
4232.72074855303,-650.185992115608,-650.185992115608,5200.15327607831
4104.25600315528,-487.298870635765,-487.298870635765,5088.66635086424
4146.92905192182,-432.974236477273,-432.974236477273,5254.15507969721
3923.78830954651,-554.482664658011,-554.482664658011,4613.64801808127
4279.08278792528,-634.182246149056,-634.182246149056,5041.5184326496
4173.56862350476,-678.774118335487,-678.774118335487,4844.41797111945
4270.48998257536,-397.93437143607,-397.93437143607,5006.84611884195
3888.55931107316,-533.928177779883,-533.928177779884,4826.7127567009
4106.64834106426,-474.518228437352,-474.518228437352,5087.51375207817
4039.83604839076,-537.736025649744,-537.736025649744,5095.07001780535
4026.3306229409,-444.154059440126,-444.154059440126,5201.33555663186
4222.67675212946,-428.125061159885,-428.125061159885,5188.45878383035
4217.69548810865,-610.780053884707,-610.780053884707,4914.77215249306
4316.37940409091,-659.921089215787,-659.921089215787,4793.16482427969
4159.3551225043,-420.19568590737,-420.19568590737,5009.47270960833
4149.96683989704,-838.683848909896,-838.683848909896,5238.37022968662
4075.05577135664,-411.931340343682,-411.931340343682,4792.05803249826
4070.94293718207,-508.643517563147,-508.643517563147,4757.65072424017
4075.9346607051,-570.513147478251,-570.513147478251,5024.38636888875
4124.53273061898,-622.042132667465,-622.042132667465,4882.95747855782
4322.79188291294,-713.081776373862,-713.081776373862,5143.80901121545
4211.04216426983,-358.229851929501,-358.229851929501,5081.7671000831
4064.98843798391,-396.524228735141,-396.524228735141,4834.75190746007
4415.33815467623,-485.123734876137,-485.123734876137,4848.58184961199
4273.07116139275,-580.296216769885,-580.296216769885,4985.78566372688
4047.3816518425,-573.867391853848,-573.867391853848,5483.0913613056
4037.54208483125,-603.375450984479,-603.375450984479,5049.72167497419
4191.67337887466,-565.866540664112,-565.866540664112,5069.22174660332
4030.71361718512,-430.520078677554,-430.520078677554,5214.05587666352
3983.21203873686,-628.568401756947,-628.568401756947,5168.17057313226
4301.29802840906,-507.05660623977,-507.05660623977,5106.03794001138
4064.37895358461,-437.435335010686,-437.435335010686,4678.61847590936
3865.58239425653,-463.81729098354,-463.81729098354,4817.93167456702
4368.62949253251,-789.77941824047,-789.77941824047,5190.70703698262
4184.65122806592,-568.706481081118,-568.706481081118,4705.44566609399
4386.53985121441,-508.473597927128,-508.473597927128,4931.85572977523
4263.67734905524,-720.790638246314,-720.790638246314,4941.29545332171
3877.42585975825,-569.592845590154,-569.592845590154,5237.64870843403
4086.2542347324,-474.496221428812,-474.496221428812,5097.33262818178
4174.57440356789,-498.767433115137,-498.767433115138,4665.83304680008
4383.93504983824,-354.794874884836,-354.794874884836,5016.82364376339
4263.71489253696,-656.96717131424,-656.96717131424,5186.12095746636
4120.77818337944,-616.298508278051,-616.298508278051,4773.5853071041
4287.86540366885,-502.058622801782,-502.058622801782,4862.40809916268
4263.92755119278,-581.380162516823,-581.380162516823,5400.50704376875
4031.89327703048,-338.808278799408,-338.808278799408,4788.95612355122
4186.61234242037,-626.628607504393,-626.628607504393,5177.63201150453
3815.87146650279,-270.122859154258,-270.122859154258,4830.0825958196
3965.72514829268,-688.13773050234,-688.13773050234,5219.78241652089
4020.69895438329,-368.665996709717,-368.665996709717,4970.66624029093
3845.13431618775,-713.36386106655,-713.36386106655,5025.13486401144
4260.23662823787,-526.570968610406,-526.570968610406,4704.24995672436
4156.71706734646,-438.965798498152,-438.965798498152,5068.76497964857
4171.01921346633,-512.95611785984,-512.95611785984,4806.21500576663
4050.77601476267,-538.925452884892,-538.925452884892,5013.34776816191
4133.12233606545,-504.870816368581,-504.870816368581,5012.73720431942
4070.0823085823,-513.496090456797,-513.496090456798,4822.24288684869
4276.75132473919,-625.956950673138,-625.956950673138,4970.67202183333
3914.13266392655,-482.906878819942,-482.906878819942,4882.04817825076
3820.82237418117,-333.449432685771,-333.449432685771,4872.23186023049
4002.13694640286,-524.97800808384,-524.97800808384,5048.97800551937
4125.73516822328,-447.901282499071,-447.901282499071,4795.16961945936
4254.55229521785,-528.405142305653,-528.405142305653,4716.51920909865
4209.81704451257,-491.903933288221,-491.903933288221,4738.23065146133
3959.40119608469,-553.605191021288,-553.605191021288,4852.52765052982
3755.7797557155,-476.042421996462,-476.042421996462,5181.46453648782
4153.90756188224,-356.927777904746,-356.927777904745,4780.5884075183
4024.84215374201,-535.589139614722,-535.589139614722,4697.07765352795
4574.33718738065,-645.004918566947,-645.004918566947,4704.81238443641
3909.01711536278,-646.251164334942,-646.251164334942,5378.74040170929
4173.71426368088,-725.885071990901,-725.885071990901,4808.83923977429
4237.27906075155,-547.353898031016,-547.353898031016,5053.89145189924
3908.64924337099,-617.095041133753,-617.095041133753,4883.34576659615
4428.85370001263,-594.963231254521,-594.963231254521,4837.98220538409
4240.87125015722,-711.514701988715,-711.514701988715,5085.96197948829
4120.04257899085,-372.02776973457,-372.02776973457,4857.80393407542
3919.9248648803,-504.280258289688,-504.280258289688,4784.05951178253
4015.71964614435,-466.350328552809,-466.350328552809,4915.71166723997
4073.87204844821,-768.228577744679,-768.228577744679,5144.23242226775
4342.01743302964,-694.235209629967,-694.235209629967,4758.88279584758
4210.55973027507,-729.629680204431,-729.629680204431,4977.51261036287
4212.2059889646,-410.86567782736,-410.86567782736,4745.56733559439
4017.9987439588,-458.80553059632,-458.80553059632,4865.9291368072
4038.44661518756,-519.779384135046,-519.779384135046,4715.84089586547
4137.79716397237,-501.123133808405,-501.123133808406,4412.4763957102
4279.66506308965,-604.961901335254,-604.961901335254,5079.7282093425
3841.4611411298,-483.409247729515,-483.409247729515,4995.58913663804
4054.74110370636,-634.342081063764,-634.342081063764,4857.37552426093
3931.27942488928,-710.813415061163,-710.813415061163,4893.11781731567
4097.50707947162,-584.338889528821,-584.338889528821,4978.72796282363
3903.28259181098,-384.872668411279,-384.872668411279,4810.85651088741
3963.72326302503,-576.053126701206,-576.053126701206,5038.84329338474
4024.9322113748,-484.012890723359,-484.012890723359,4813.24651041117
4360.93911256291,-416.913414771851,-416.913414771851,4801.14765527168
3987.15428725781,-556.161725436504,-556.161725436504,4917.3902465792
3974.60300426133,-598.583553623879,-598.583553623879,5043.14468404837
4278.38806963243,-729.517120007205,-729.517120007205,5110.79854280963
4067.07605020787,-540.57095989364,-540.57095989364,4864.82029258591
4129.31077784737,-512.731318131155,-512.731318131155,5203.50265570368
4068.33214068791,-506.015728310441,-506.015728310441,4832.4093149059
3883.40566941349,-535.618101101821,-535.618101101821,4908.60782543613
4482.89106262211,-548.227163451656,-548.227163451656,4901.18040786044
4035.46247707694,-583.846854710155,-583.846854710155,4802.11751833565
4165.45985853848,-600.233237127858,-600.233237127857,4665.85282649909
4058.85355716301,-461.769702142838,-461.769702142838,5092.13143944248
4042.51829041176,-445.251922955253,-445.251922955253,5356.00583403645
4172.8151861041,-502.173537525729,-502.173537525729,4969.00061256817
4105.26320848317,-479.022304702982,-479.022304702982,5028.78968697126
3963.81673794681,-528.064539447296,-528.064539447296,4914.71376252796
4127.61955196423,-622.86707779065,-622.86707779065,4858.34208032717
4188.38501213581,-509.290367051183,-509.290367051183,5237.26797856194
4111.47231271104,-467.643275161202,-467.643275161202,5071.10215559712
4059.31678148817,-564.226890255318,-564.226890255318,4782.97219520437
4095.59881114864,-711.422373127763,-711.422373127763,4743.26270531046
4201.01252208128,-480.018862112588,-480.018862112588,4977.51700812592
3885.07875463243,-449.407101573417,-449.407101573417,4848.8573994793
4248.30701549716,-551.232559685642,-551.232559685642,4728.95365591952
4191.26473905064,-376.251146735213,-376.251146735213,4770.24629494839
4203.05556000811,-637.81105727416,-637.81105727416,4859.59585924597
4200.8326503151,-418.351836421443,-418.351836421443,4896.01541533125
4074.11847198737,-450.258189233358,-450.258189233358,4634.50959378289
4185.97206447206,-567.729167624488,-567.729167624488,5027.56638225102
4237.46793625087,-398.055332483617,-398.055332483617,5010.89324604706
4104.80578021429,-653.84839870395,-653.84839870395,4607.20823855465
4327.95659567174,-586.195903476526,-586.195903476526,5213.28334487018
4303.03030922942,-517.358163904349,-517.358163904349,5117.76612871146
4222.63132848872,-713.308839627729,-713.308839627729,5280.49805968154
4051.15828406935,-476.445335799484,-476.445335799484,5234.2873858023
3920.58802500736,-438.140146002164,-438.140146002164,4828.37112516304
4236.11530170403,-626.8642577262,-626.864257726201,4986.73153591116
4124.67251825506,-545.918929147523,-545.918929147523,4773.08795886123
4016.32930114706,-538.84682457305,-538.84682457305,4881.02146638764
4030.98536177684,-669.294006784463,-669.294006784463,4843.46436569264
3901.59360644249,-593.727500279686,-593.727500279686,4802.30636455769
4208.92034491783,-514.727562712845,-514.727562712845,4722.07808367306
4203.19175785833,-211.678259659928,-211.678259659928,4869.00019504488
4028.03502391677,-504.433162291962,-504.433162291962,4872.53232093171
3994.14425202426,-637.512075315323,-637.512075315323,5007.40023855186
4470.71761539159,-775.877504689206,-775.877504689206,5329.74598868625
3837.25102032105,-625.193148971107,-625.193148971107,5007.3263387425
4219.07360141937,-567.897616722335,-567.897616722335,4881.86584843425
4089.60032674203,-258.732152855003,-258.732152855003,4900.33117154447
4120.12165001564,-708.477395553396,-708.477395553396,5065.86463197046
4307.19465195353,-682.269268006739,-682.269268006739,4971.11140826494
4085.25984060283,-417.308585834062,-417.308585834062,4923.22348148195
4285.53851533792,-689.750644371144,-689.750644371144,4715.38688273189
3951.87856215871,-427.452362042636,-427.452362042636,5091.38910951171
4231.25917311792,-675.540290048631,-675.540290048632,5201.16830066196
4072.54073581556,-474.171908178532,-474.171908178532,4891.2990598791
4220.26561742144,-628.861008647297,-628.861008647297,5388.33054695712
3948.83462328481,-682.989733906209,-682.98973390621,4720.22737636779
4137.08177688325,-728.902886330988,-728.902886330988,5056.70311907565
4403.30611983386,-608.314331968472,-608.314331968472,5078.61875067934
4027.06145806391,-525.793421590447,-525.793421590447,4987.57427169903
4082.73632458173,-409.997818116332,-409.997818116332,4704.94699485554
4030.47241404482,-480.778141707715,-480.778141707715,4862.33221797719
3838.0138125015,-631.419302515035,-631.419302515035,4932.75398184212
4163.02859682715,-604.824984177164,-604.824984177164,4932.3905619035
3989.90786907008,-613.422879894676,-613.422879894676,5007.39811981389
3991.08565095562,-671.713617763147,-671.713617763147,4943.77026400435
4008.85706055566,-489.933452363458,-489.933452363458,4815.45597161229
3991.76157850348,-446.45407034831,-446.45407034831,4741.05725808478
3959.2353398838,-561.873624888749,-561.873624888749,4937.18097151395
4043.34151945665,-532.401056674158,-532.401056674158,4951.17520369946
4099.70932010558,-452.202027156709,-452.202027156709,4955.8205617248
3758.25768505582,-438.679445068348,-438.679445068348,4819.88191542548
4114.33104596563,-491.249121291737,-491.249121291737,4804.75092778014
3972.03474254294,-649.666268330469,-649.666268330469,4888.59601110079
4018.5592188788,-541.860157059664,-541.860157059664,4734.68356267709
4343.33418704923,-660.960213059254,-660.960213059254,5248.65947212355
4081.75320101596,-539.446843143847,-539.446843143847,4964.53037839994
4012.69381415106,-516.577348317201,-516.577348317201,4771.33893246218
4077.64824122704,-665.224632127747,-665.224632127747,4895.65637887836
3939.85782874843,-390.594175505913,-390.594175505913,4927.15169618954
4068.91160837137,-630.581644041058,-630.581644041058,4844.31040658774
4037.04580728781,-451.350668466502,-451.350668466502,5030.30772634542
4363.18858137807,-764.253768111091,-764.253768111091,4774.85148766692
4066.38874821294,-537.246090583517,-537.246090583516,5026.41481701264
3961.96537810037,-509.199686012252,-509.199686012252,5124.06043123634
3991.86886036394,-502.698381908214,-502.698381908214,5057.13370865366
4369.02402514263,-848.418617310085,-848.418617310085,4974.96878386976
4312.3158960988,-408.186527630136,-408.186527630136,4816.95448817334
4172.29935858053,-536.901572982266,-536.901572982266,5084.6236469839
4161.31129087313,-660.308801732565,-660.308801732565,4788.0053604112
4058.36703193567,-453.980491157289,-453.980491157289,4977.22830165772
4212.17790248745,-572.460504778,-572.460504778,4392.83204749636
4086.50461154761,-506.131540127296,-506.131540127296,4832.79479272717
4341.38209945992,-482.682737815998,-482.682737815998,5085.40609289658
4378.54984155258,-364.303156911468,-364.303156911468,4889.85939887602
3925.15369184095,-378.354617069534,-378.354617069534,4997.79165414984
4161.0718897656,-472.222011558769,-472.222011558769,4658.00891525655
3990.99256333282,-384.261097210273,-384.261097210273,4893.68919365254
4082.71825870089,-364.106091651185,-364.106091651185,5008.93803982125
4082.40038602561,-599.734895312399,-599.734895312399,4909.17695528627
4080.53566278477,-453.968421816969,-453.968421816969,4974.7415709793
4287.60873996095,-556.66098767694,-556.66098767694,4812.11716878431
4416.60956988227,-688.483433174158,-688.483433174158,4861.41869738937
4244.7207718033,-668.780357979205,-668.780357979205,4922.33532621382
3956.68224821109,-573.165642143757,-573.165642143757,4822.41304959084
4194.92614295143,-438.118287007451,-438.118287007451,5044.23239640865
4066.10160300964,-502.30392113322,-502.30392113322,5039.32797510982
4081.09135946691,-392.837505570136,-392.837505570136,5011.17254052078
4196.83816963366,-526.817141118024,-526.817141118024,4947.79781783422
4155.85690387719,-716.486600428706,-716.486600428706,4898.41483680831
4400.15150667031,-294.059451174916,-294.059451174917,4886.51790033998
4102.9589027953,-508.019935185911,-508.019935185911,5138.73365061561
4054.73645167905,-594.342337722988,-594.342337722988,5022.2145791799
4394.82444600123,-591.867141925069,-591.867141925069,5079.1235175616
4125.2122832035,-649.863040453244,-649.863040453244,4873.832478497
4214.25144454313,-319.639884748786,-319.639884748786,4880.6460922106
4243.16297876116,-624.500944568683,-624.500944568683,4872.08785688883
4168.14423411164,-643.877105319946,-643.877105319946,5103.67415161914
4126.81123285049,-459.261256005734,-459.261256005734,5221.09414738696
4203.6040899804,-564.176955765877,-564.176955765877,5249.92603864992
4000.06184248565,-699.629173233309,-699.629173233309,5130.95938740139
3993.82817964747,-352.071793331286,-352.071793331286,4886.8558331873
4108.02003940809,-234.717307704175,-234.717307704175,4801.27362286818
4429.68873748292,-636.60756441265,-636.60756441265,4970.19532152013
3989.86584048467,-516.348194072844,-516.348194072844,5217.69001577019
4174.47833040088,-474.470421603758,-474.470421603758,4990.91251524807
3945.41646317679,-535.191337594633,-535.191337594633,4900.71685309255
4061.24840701992,-523.481177891726,-523.481177891726,5040.63119645831
3996.6383278755,-377.822199222453,-377.822199222453,4477.09681519199
3889.99189945556,-497.434004580229,-497.434004580229,4875.73036403838
4341.12052655998,-620.410066985272,-620.410066985272,5387.67461941469
4165.4695776257,-578.221089131711,-578.221089131711,5089.04452612635
3847.64245440937,-597.633487792663,-597.633487792663,4696.70587475581
3999.87380672537,-422.438906021461,-422.438906021461,4866.80214012317
4369.356072979,-425.18654482366,-425.18654482366,5193.19030541145
4414.21385900509,-580.438866030654,-580.438866030654,4975.84404740259
4143.84323438073,-435.901288781578,-435.901288781578,5168.07504777227
3937.05957453438,-476.511002481747,-476.511002481747,4671.96466703503
4016.28381691549,-732.243471846789,-732.243471846789,5053.28035533797
4067.37023345449,-537.126691270968,-537.126691270968,4783.91526416091
3958.1152084751,-571.793124707661,-571.793124707661,4763.59915418632
4111.16773195639,-402.479190667683,-402.479190667683,4907.74376929637
3933.243867561,-491.736525164676,-491.736525164676,4727.92637660652
3959.62992831147,-525.268187612177,-525.268187612177,4922.61176423199
4136.19743355708,-633.474037868584,-633.474037868584,4781.19763328515
3989.6060350146,-383.673691787356,-383.673691787356,4867.40647251977
4150.39763287248,-353.264927046237,-353.264927046237,4963.11644896231
3918.06729584405,-694.59592083195,-694.59592083195,4965.26550992022
4033.32507707728,-687.87488267225,-687.87488267225,4920.16898427133
4044.82196131745,-588.16472471498,-588.16472471498,4842.38818876884
3638.68856441732,-442.71359542814,-442.71359542814,4909.91159486105
3841.36080460615,-392.431981097225,-392.431981097225,4950.21331675167
4173.17064163499,-601.301460022474,-601.301460022474,5048.09070010096
4332.46893729064,-655.89456715914,-655.89456715914,4860.14380030472
4081.38546485162,-608.189935666401,-608.189935666401,4742.30582740046
4062.20665111806,-366.796950861909,-366.79695086191,5225.61400401814
4153.85071413202,-351.875477595075,-351.875477595075,4859.18716876133
3968.81474504055,-290.812949157422,-290.812949157422,4996.1408129352
4130.15734011213,-178.346993736076,-178.346993736076,5029.84739726172
4211.46542527461,-511.609829357501,-511.609829357501,4763.33048806281
4302.28400207527,-391.881101515211,-391.881101515211,5115.41183882335
4211.52004366079,-669.741035765947,-669.741035765947,4684.26072605465
4044.74449246607,-587.614700858813,-587.614700858813,4992.23732685382
4093.47016295307,-613.830998239327,-613.830998239327,4879.08296788201
4276.36797289774,-502.840451577509,-502.840451577509,4902.84064066986
3883.58845319214,-524.143431434329,-524.143431434329,5046.53456880752
4098.97185613414,-474.988149994949,-474.988149994949,5091.47271880521
4137.26913278079,-686.080287248041,-686.080287248041,4969.40320171416
4477.8621484874,-558.835086101654,-558.835086101654,4894.55033893092
4076.08699947861,-676.916994086252,-676.916994086252,4875.29980690023
3944.67314299154,-474.541583618367,-474.541583618367,4982.79441759453
4153.00287679356,-505.915253955472,-505.915253955472,4895.15303306356
4023.36915372604,-572.35792732147,-572.35792732147,5157.92906664591
4255.51595634773,-611.020973761327,-611.020973761327,4942.04431320007
4067.55981960525,-536.482241311956,-536.482241311956,5086.7473661319
3942.31988361362,-509.619809637695,-509.619809637695,4868.18599415185
4238.41051134956,-631.09319907202,-631.09319907202,5183.00228633019
3965.29643924691,-717.678661486266,-717.678661486266,5271.67976368097
4087.2726316164,-387.888643821919,-387.888643821919,4847.99159032314
3816.5835028803,-410.266931009777,-410.266931009777,5024.75930949291
4048.50392410059,-621.787870620777,-621.787870620777,4943.16918975104
4084.91311460013,-499.546789887995,-499.546789887995,4979.23476186867
4177.72078036703,-454.272078407173,-454.272078407173,5004.92507392745
3779.81566479736,-471.206309972619,-471.206309972619,5036.6176111563
3938.93974046255,-405.492327443502,-405.492327443502,4893.03087240045
3975.71316998243,-595.608815860163,-595.608815860162,5101.30821396336
3834.41553781022,-480.357748274975,-480.357748274975,5007.88113834249
4162.43779147534,-393.354337945136,-393.354337945136,5182.96122896107
3945.00835226805,-364.562288144244,-364.562288144244,5137.2730780274
4160.61337099216,-465.292849409832,-465.292849409832,5007.23273893043
4076.87076109747,-342.810902537087,-342.810902537087,4553.89704631788
4275.83059873572,-566.783465372809,-566.78346537281,5027.11083432469
4061.00074585039,-542.887198115451,-542.887198115451,5161.86976189777
4243.02159966762,-337.978863351907,-337.978863351907,5094.42140820133
4070.84163258044,-499.133954925694,-499.133954925694,4880.22730497759
3996.77762578241,-363.778853970143,-363.778853970143,5196.28402444704
3974.08863423961,-575.916327376745,-575.916327376745,5156.4598965515
4030.43269619758,-639.365902820702,-639.365902820702,5052.45184837366
4300.44226318677,-592.112487302174,-592.112487302174,5421.86452378216
3997.15038319453,-596.381026558099,-596.381026558099,5406.81253098549
4087.83632093786,-403.987845902225,-403.987845902225,5248.75594347562
3947.70881125495,-498.663032221444,-498.663032221444,5070.67760644836
3717.62835001233,-514.446208606701,-514.446208606701,5052.06238734184
4141.4742082234,-536.348813640913,-536.348813640913,4904.87567951587
4055.07332784885,-325.312054520025,-325.312054520025,4794.9833223762
4430.16404938701,-580.44067994572,-580.44067994572,4926.94449284099
4191.13101871258,-385.589848183491,-385.589848183491,5107.82256040331
3953.28241695122,-613.666251544951,-613.666251544951,5260.76941437777
3964.13359757022,-565.170895958927,-565.170895958927,4987.71617212151
3999.92781091924,-479.066562563304,-479.066562563304,4947.44104103541
4016.28101623926,-625.944570332369,-625.944570332369,5390.42602624687
4457.05663348992,-533.853333430081,-533.853333430081,5009.54483368493
4151.6432871805,-431.320421668371,-431.320421668371,5142.63935954645
4106.23782028813,-459.711630208237,-459.711630208237,5301.07043536195
4294.45219864086,-739.715703485392,-739.715703485392,5262.41994958306
4309.00215813948,-391.860818142647,-391.860818142647,5047.6149015761
3950.13791741142,-804.481920931688,-804.481920931688,5198.37428248915
3989.49549959642,-630.317000833655,-630.317000833655,5144.20813062217
4088.55516315509,-479.352874378641,-479.352874378641,4832.71711769801
4260.19456389821,-462.598065091274,-462.598065091274,4682.30435841355
3690.74948072653,-360.68255387008,-360.68255387008,4946.083478742
4263.02300251167,-449.77721148709,-449.77721148709,4931.93947161633
3784.12579780916,-581.404614863947,-581.404614863947,4634.42114606319
4176.86970080331,-598.564435803912,-598.564435803912,5022.98008404274
4203.39624050626,-561.108748060163,-561.108748060163,4668.32893116853
4112.10142458637,-620.623335390084,-620.623335390084,4683.88736863763
4212.91016468536,-630.819615820655,-630.819615820656,4962.45370107778
4074.34600957403,-546.455669740234,-546.455669740234,5160.70945107089
4223.13399215417,-683.205490526574,-683.205490526574,5208.31701546043
3857.23866109719,-429.844359602939,-429.844359602939,5396.80786382806
4137.3031370721,-500.208801123218,-500.208801123218,4858.98297913106
4410.50203068586,-745.700170276952,-745.700170276952,5192.92917405579
4075.84613108917,-374.822139142845,-374.822139142845,4862.64174915686
4407.09978977492,-373.956451565604,-373.956451565604,4838.76663447566
4121.63352356071,-631.001353208449,-631.001353208449,4767.01321989469
4186.93717658156,-626.122418607963,-626.122418607963,4721.02796657031
3890.50915796448,-241.676053793943,-241.676053793943,4801.71446158571
4171.96941115201,-642.003546983681,-642.003546983681,5163.01552426294
4120.44571414991,-528.35797815198,-528.35797815198,4815.24700216234
4050.8919856618,-606.527006549513,-606.527006549513,4890.88021991712
4228.13512221511,-892.691946940194,-892.691946940194,4879.8521833276
3764.05685659222,-350.075967073514,-350.075967073514,4803.61335127109
3966.79182527833,-403.650768674394,-403.650768674394,4837.6458219269
4173.8134472554,-610.54455767858,-610.54455767858,4830.77687158655
3853.69537812344,-476.8589962853,-476.8589962853,5009.74643808364
4165.31229366085,-194.766182151168,-194.766182151168,5163.9213445427
3993.47739554593,-464.361290847442,-464.361290847442,4704.73704251656
4199.09518086393,-484.008042465797,-484.008042465797,5027.88645271974
4168.43957006247,-464.416861229911,-464.416861229911,5071.9654311233
3810.29220771224,-554.789540607074,-554.789540607074,5176.44315128539
3965.26924958944,-205.669584305319,-205.669584305319,5077.52308844213
3886.55666215416,-461.212156163718,-461.212156163718,4574.91017922246
4028.28762885578,-659.268712945189,-659.268712945189,4964.37735242594
4262.28818998376,-675.520423350106,-675.520423350106,5271.02374130651
4087.99227340495,-632.755879055375,-632.755879055375,4692.31717048164
4055.83505816814,-461.545425678639,-461.545425678639,5001.16556127992
4129.13268313846,-411.695715030876,-411.695715030876,4931.15396838754
3808.23310585866,-585.835049246129,-585.835049246129,4878.59133891046
4070.01246319983,-584.577862109921,-584.577862109921,4739.27233502007
4063.23994187888,-634.691613048792,-634.691613048792,5007.03464264979
3888.18315492466,-393.228581163689,-393.228581163689,5196.75269380493
4071.65814666371,-697.870484031399,-697.870484031399,5245.59691555002
4386.40320231006,-611.565811644827,-611.565811644827,4650.44518790188
3729.9074288115,-472.501225480155,-472.501225480155,5054.18060974437
3961.96563488828,-407.696291819937,-407.696291819937,5310.05015728233
4276.6410373017,-433.032445167446,-433.032445167446,5227.50973849969
4385.59955528119,-521.744451477073,-521.744451477073,4519.73584490293
4217.85854782783,-484.507469844133,-484.507469844133,4895.92890352059
4104.49900876364,-644.382025793307,-644.382025793307,4853.63741053714
4405.34605564007,-670.788853956298,-670.788853956298,5025.43664753469
3986.59126155522,-642.808631957175,-642.808631957175,5060.9353808032
4039.64672589072,-639.485599884057,-639.485599884057,5218.34375311999
4243.0434631176,-669.424930225188,-669.424930225188,5191.17163539439
4008.11693361729,-674.956791139743,-674.956791139743,4922.12044051964
4033.48389891371,-474.711593816612,-474.711593816612,5186.92982208449
4180.2340230557,-325.645994560277,-325.645994560277,4801.00847045454
4117.24289142401,-619.966570706319,-619.966570706319,5189.50243895123
4186.28856613954,-416.451439635139,-416.451439635139,4663.41581934256
4106.48650420304,-736.772051821781,-736.772051821781,5199.92380766947
4219.74387787603,-481.241257882824,-481.241257882824,5169.09574417754
4033.7181789855,-539.439271413327,-539.439271413327,5416.09346458872
3953.9666095488,-645.096581972844,-645.096581972844,4803.78483432516
4182.3047174415,-491.607647080202,-491.607647080202,5628.15843644043
4122.17909268681,-515.0387733265,-515.038773326501,5012.02500121136
4099.17358976736,-631.122698887349,-631.122698887349,4598.83096170145
3961.02783845715,-569.965287267251,-569.965287267251,4700.37445027918
4262.28902393967,-525.604323131276,-525.604323131276,4776.80829029653
4224.04187278581,-673.480835667172,-673.480835667172,4773.4796516162
4132.89518978216,-672.44241766074,-672.44241766074,4992.00567066913
3959.47049465399,-377.469673596939,-377.469673596939,4728.72657459954
4028.78826096071,-450.332474085525,-450.332474085525,4903.97508959349
3923.96286980683,-534.360860289198,-534.360860289198,5081.02423541452
4160.17505515586,-327.095476223566,-327.095476223566,4621.92309798021
4115.31217914529,-451.914254515703,-451.914254515703,5045.94625551492
3946.34538198701,-637.041287257308,-637.041287257308,5062.32424096253
4119.37203019361,-527.135116049607,-527.135116049607,5245.45537020761
3992.92983160418,-619.660220740385,-619.660220740385,4852.89300099193
3969.0234535729,-521.259659833882,-521.259659833882,5167.73716996634
4102.77313942834,-487.449733900811,-487.449733900811,4840.16706304437
4040.19533359162,-499.092736923451,-499.092736923451,5002.44524364265
4060.02943570298,-451.848129076546,-451.848129076546,4952.49709927403
4460.33784434734,-548.887606761591,-548.887606761591,4931.67152504095
3887.03344878656,-500.369271570139,-500.369271570139,5328.77712324535
4130.74074235875,-550.663865441137,-550.663865441137,4729.96619248952
4049.05826542387,-573.224849342875,-573.224849342875,5016.22828209636
3936.58551685703,-495.931205103832,-495.931205103832,4878.26579405755
4435.44828899659,-677.245866464298,-677.245866464298,5257.17144300887
4071.00245604848,-431.681692200717,-431.681692200717,4581.06996379132
4266.31796586297,-768.152392467368,-768.152392467368,5111.3444042797
4203.75562672908,-681.142395773511,-681.142395773511,5159.4173382172
4029.95747776276,-638.120545720352,-638.120545720352,4958.34868543287
4290.30140617714,-533.648595319892,-533.648595319892,4905.92762904868
4158.68758954596,-443.856307286885,-443.856307286885,5134.86021152446
4120.41842194749,-475.361772137819,-475.361772137819,4945.97362011127
4029.36915034221,-703.388290016013,-703.388290016013,5068.86082391189
3939.56908163811,-381.688598281448,-381.688598281448,4962.03081188148
4068.3841085453,-249.669286618311,-249.669286618311,4727.60414580963
4130.1057515413,-543.716586757187,-543.716586757187,4956.50411410322
3885.43381669722,-556.960283127134,-556.960283127134,4939.57406707301
4055.92868670033,-583.418099737523,-583.418099737523,4955.18542668824
3997.43762884092,-467.860956944484,-467.860956944484,4965.23440903615
4371.85235225938,-616.615442361307,-616.615442361307,4702.54488361021
4121.24443969635,-488.174214928877,-488.174214928877,4845.70215167288
4003.22085757267,-597.873228259136,-597.873228259136,4996.07881031017
4239.75996066649,-476.572293416995,-476.572293416995,4779.98125517367
4059.67085155325,-480.312026718239,-480.312026718239,5057.06413924577
4064.2500311978,-870.973893786755,-870.973893786755,4918.85283954594
4047.64302809018,-318.760147413105,-318.760147413105,4761.07552475789
4091.16155227147,-532.615608057861,-532.615608057861,4811.79859444961
4072.20630906381,-579.132510128822,-579.132510128822,5121.37239342668
4007.80686092858,-571.586528720948,-571.586528720948,4778.83245327142
4449.76929192203,-492.987990729282,-492.987990729282,4981.72257637858
3890.6465860443,-577.677886946821,-577.677886946821,4845.2058928371
4010.41602768485,-807.654456288585,-807.654456288585,5133.63843738994
3928.46235612754,-548.362172775471,-548.362172775471,5158.39373423518
4008.65791134774,-445.611460806238,-445.611460806238,4917.78998382622
4090.30465609472,-512.270575631522,-512.270575631522,4955.04018502492
4071.79831943916,-652.174588413733,-652.174588413733,4738.2648112797
4125.17775953624,-385.715146364652,-385.715146364652,4996.64428689407
3995.47044364584,-158.414696843019,-158.414696843019,4909.57179954567
4305.17558203465,-464.04802586746,-464.04802586746,4742.72766575374
4079.7490769318,-415.753268855826,-415.753268855826,5001.5801855786
4075.09633287576,-539.241564326144,-539.241564326144,5043.27709138404
4157.70899821636,-412.192008064739,-412.192008064739,4851.78488708112
4302.7508901013,-387.922918135786,-387.922918135786,4847.89553840222
3922.03969165979,-447.736981244952,-447.736981244952,5058.02766336315
3939.00002528915,-527.644092107559,-527.644092107559,5068.05800089322
3907.30929058122,-527.461055539977,-527.461055539977,5054.93599784385
4102.77912327557,-328.078522624472,-328.078522624472,4963.89062306125
4053.28477759113,-403.284253749319,-403.284253749319,5086.65748609154
4124.44594946888,-463.388697163137,-463.388697163137,4714.93910272664
4422.0218114537,-469.15273794242,-469.15273794242,5225.54359760316
3913.88799938151,-532.297238742846,-532.297238742846,5021.48888278401
4126.60215794181,-576.978506419849,-576.978506419849,5036.08847330405
3876.9168377686,-570.002875296623,-570.002875296623,4707.40672832262
3948.6619658027,-611.654990503676,-611.654990503677,4764.89180125085
4018.3525729116,-305.732994212876,-305.732994212876,5073.8714959933
4138.16648355996,-567.672551108544,-567.672551108544,4915.02609548308
4047.71273230532,-320.020464648897,-320.020464648898,4941.49630332977
3937.54077660204,-251.583018480921,-251.583018480921,4807.40678760227
3989.63813518739,-406.362506566013,-406.362506566013,5292.12236422137
4096.06044393197,-506.323708668322,-506.323708668322,4844.63210646537
4089.210390269,-697.633650054727,-697.633650054726,5002.79297887947
4280.0833056838,-397.919835932421,-397.919835932421,5167.91912049504
3984.79627613538,-588.848681692464,-588.848681692464,4876.14747407574
3995.10999022086,-646.29090657574,-646.290906575741,5175.52197811453
3955.63926171915,-507.848551500734,-507.848551500734,4605.52955507584
3689.266705464,-470.126896468758,-470.126896468758,5394.59186429092
3970.27118574093,-351.37108095509,-351.37108095509,4795.93171000203
3926.60691426953,-482.534065576413,-482.534065576413,5080.38141341739
4094.51109092604,-563.426444943084,-563.426444943084,4883.55314061658
4245.63363785142,-530.285549846568,-530.285549846568,5195.57358717168
4079.757331054,-572.800629978662,-572.800629978662,4846.37011988662
3917.89605508102,-551.314415862793,-551.314415862793,5180.44943638632
4031.97856127215,-597.126009821395,-597.126009821395,5056.1179259377
4026.78233231794,-416.188737087135,-416.188737087135,5116.36884347437
4175.62579026262,-435.560692587462,-435.560692587461,4795.10194449218
4466.88181274209,-490.076930331979,-490.076930331979,4853.9904222395
3851.52505837937,-633.047325135861,-633.047325135861,5045.83115936113
4496.09911153424,-606.552324984318,-606.552324984318,5205.47690171728
3975.34660344069,-393.259510281184,-393.259510281184,4663.97324995979
4191.89697845756,-502.590020253052,-502.590020253052,4735.16127864942
4128.54221393344,-353.504639855788,-353.504639855788,4838.26815532995
3921.65391323994,-303.785077645067,-303.785077645067,4655.3230103989
4108.90038118577,-583.435374784174,-583.435374784174,5214.65426392116
3975.72274993402,-515.115356450344,-515.115356450344,5311.0879585867
3983.10741335532,-558.288902641767,-558.288902641767,4729.25734873938
3980.64268339405,-608.833661493632,-608.833661493632,4914.03095728543
4293.16211959741,-600.687764460479,-600.687764460479,5083.39004895606
4289.67736934965,-512.670712246587,-512.670712246587,5081.72606659811
3999.54284746833,-718.628137662092,-718.628137662092,4984.95790273876
4046.9654580049,-446.597881488086,-446.597881488086,4687.12900089199
4054.15578161753,-613.540194909115,-613.540194909115,4511.3967955524
4287.62324379557,-545.74144401074,-545.74144401074,5010.01630320992
3713.01957369787,-412.317737854603,-412.317737854603,5095.87769370047
4227.63200834614,-816.970985830025,-816.970985830025,4825.78137522775
4050.98380497659,-594.584616060913,-594.584616060913,5053.07284011394
3977.19890556289,-453.034259260159,-453.034259260159,5066.77793652597
3933.42279636346,-560.096392711194,-560.096392711193,4967.31880970301
3984.31256738846,-470.063665015899,-470.063665015899,4687.62450007753
3984.79697867871,-508.920289051007,-508.920289051007,5274.88835945953
3828.76951388466,-432.773189417102,-432.773189417102,5234.35193165265
4039.59492023326,-636.688398177496,-636.688398177496,4800.77775173578
4207.42372611226,-520.582977233779,-520.582977233779,4920.20957699836
3879.6921628452,-184.1931798552,-184.1931798552,4992.67711167853
4226.84977422142,-498.321282861135,-498.321282861135,5002.97743756084
4311.81998913822,-684.005147713167,-684.005147713167,4721.28266150988
3964.02824720267,-645.881863735635,-645.881863735635,4993.9793052062
4038.77437187859,-474.321377506632,-474.321377506632,4789.48899180541
3951.76690882696,-589.944058724697,-589.944058724697,5413.54952235031
3749.77558212877,-208.0825042059,-208.0825042059,4769.9173740025
4156.15912410332,-254.111036666702,-254.111036666702,5037.49481517232
3886.76461608402,-465.817569039984,-465.817569039984,5080.9514630158
4145.94504530628,-680.456616918931,-680.456616918931,4929.74340953557
4060.48359437725,-339.910871740138,-339.910871740138,5171.94845037996
3987.54911943272,-390.545930516017,-390.545930516017,4884.73683004892
4408.57268713889,-418.523616403699,-418.523616403699,4691.10888165124
3967.21934020697,-633.521835740524,-633.521835740524,4983.75373173895
4055.73354362802,-543.08445153616,-543.08445153616,4979.94631383181
4182.68667737673,-543.574498403014,-543.574498403014,4994.16971844206
4352.23462837963,-578.534264872924,-578.534264872924,5212.71968623213
4206.5641711819,-667.576658479899,-667.576658479899,4959.05987759642
3833.31821664265,-496.124995533604,-496.124995533604,4905.9491284037
4169.41015903718,-411.910768279,-411.910768279,4946.04725732533
4222.73101422746,-536.222983434242,-536.222983434242,4887.66135836565
3850.74098254846,-528.140308952144,-528.140308952144,5057.41605523441
4087.47217090769,-451.94723376246,-451.94723376246,5085.80515692222
4268.09623691321,-559.815300251105,-559.815300251105,4827.96963328938
4261.04494470946,-482.194197967216,-482.194197967216,4753.98434741915
3943.63873401533,-434.385439700765,-434.385439700765,4875.949596352
4116.79955468895,-515.860536108791,-515.860536108791,4827.7679666925
3907.184231715,-294.916154267767,-294.916154267767,4532.99113027688
4034.36726914382,-638.516059551048,-638.516059551048,4745.14092532261
3990.06108192681,-658.199585253745,-658.199585253745,4822.16189313339
4067.2228789061,-344.055123160533,-344.055123160533,4794.08225772558
3904.4030771791,-633.701708066695,-633.701708066695,5199.84004135025
3992.50286143119,-616.694645572877,-616.694645572877,4923.08383050979
4153.20696551542,-447.869452115371,-447.86945211537,5171.90668406408
4009.09745915999,-523.939833783692,-523.939833783692,4836.97461339955
3809.46190251865,-400.513722220274,-400.513722220274,4914.94972471844
3726.17349947398,-510.829474638828,-510.829474638828,5107.07955396256
4079.76915384627,-366.701394952857,-366.701394952857,4826.51200122984
3969.79876692692,-371.035803513131,-371.035803513131,5292.97354942921
4178.96697707585,-433.430031436074,-433.430031436074,5104.10910620753
4008.51365511989,-340.650558721483,-340.650558721483,4795.52348383584
4061.05678366179,-451.09226287422,-451.09226287422,4909.03149699675
3926.95913771642,-425.698253938984,-425.698253938984,5035.9769938376
3984.38900276652,-432.280554173441,-432.280554173441,5050.65459825294
4192.55540512709,-666.843101856095,-666.843101856095,4889.25223007821
3949.14896592812,-537.114566887585,-537.114566887585,5167.63542626371
4174.07580136528,-519.636394250516,-519.636394250516,5223.81838180503
4114.30053347756,-608.599705410934,-608.599705410934,5082.87446724966
4032.31926093133,-670.467606819549,-670.467606819549,5143.43933422579
4151.03311350646,-400.182157120942,-400.182157120941,5114.56358137954
4265.30926355922,-426.104843311143,-426.104843311143,4912.61403709562
4314.23984120034,-690.474499639446,-690.474499639446,4970.48486720232
3985.58060473814,-456.396920743179,-456.396920743179,5010.12535516421
4076.3484625119,-504.244685177227,-504.244685177227,5032.14381186477
4431.27888006646,-718.188720106134,-718.188720106134,5017.27805787173
4148.05232343112,-275.091038520885,-275.091038520885,5413.30474588928
4120.64143307565,-856.134023112185,-856.134023112185,5011.7382169779
3919.08174180071,-659.487439140044,-659.487439140044,5089.08042081203
3896.00576792274,-399.996373598263,-399.996373598263,4878.516255472
4154.83633348588,-334.63598433605,-334.63598433605,4749.62707211062
3915.6697600524,-463.742559212924,-463.742559212924,4930.62463172755
4178.37887004903,-426.025230173963,-426.025230173963,4994.01776466434
4157.21252574626,-455.89530402179,-455.89530402179,4974.62486463087
4135.80454926957,-461.982021222236,-461.982021222236,5109.90708456409
3867.31210288319,-623.166157365149,-623.166157365149,4858.8781998944
4130.18888640082,-428.687649200195,-428.687649200195,4983.36118719363
4026.88454955999,-381.418378174122,-381.418378174122,5091.93965015315
4155.53068875722,-674.58285190881,-674.58285190881,4895.20353272158
4160.63871113575,-427.585023712956,-427.585023712956,5009.35864733492
3897.67835091812,-493.109039857984,-493.109039857984,5228.32201296595
3970.36769908017,-765.330338093507,-765.330338093507,5331.79302804493
3930.28647330304,-567.211455247785,-567.211455247785,4849.30371388263
3881.92373503428,-457.651257362799,-457.651257362799,4809.37263613742
4148.82368796954,-639.346040000839,-639.346040000839,5449.22764283068
3949.70173786712,-560.008180315014,-560.008180315014,5058.78355245359
4050.50338373683,-479.275484665118,-479.275484665118,4897.19419172841
4069.21384766549,-545.909219025496,-545.909219025496,4776.0650549774
3845.39546398587,-451.092195312714,-451.092195312714,4849.9221157714
4028.71014280288,-540.571238019202,-540.571238019202,4771.01710246042
3981.05184336885,-413.740400937724,-413.740400937724,5101.15996459506
3927.51166257704,-625.54750944291,-625.54750944291,5116.66381968806
4292.07615316111,-434.793724073686,-434.793724073686,5075.61380664467
4077.40926678764,-537.242445374767,-537.242445374767,5044.84819560117
4171.22503542231,-820.170794647354,-820.170794647354,5252.43182031724
3893.97881751462,-610.155658994376,-610.155658994376,4944.24226836935
3948.33525429872,-741.688441789283,-741.688441789283,4493.43147916526
4107.8869388869,-336.79815645361,-336.79815645361,5089.32678638654
3959.8041857543,-493.717500948465,-493.717500948465,5174.93909388706
3836.27921146625,-387.332788450557,-387.332788450557,5088.7431101218
4078.23927797022,-608.637304635763,-608.637304635763,4597.32003027857
4235.52899059442,-739.520391388762,-739.520391388762,4791.19803356147
3722.62882943253,-490.27517531978,-490.27517531978,4873.26989608501
4148.52386024602,-402.088043429887,-402.088043429887,4825.61063578035
3991.03234249977,-197.984914528446,-197.984914528446,5051.50599038505
4171.18878790564,-311.186213035401,-311.186213035401,5031.36884926148
4183.69078204474,-541.164311579096,-541.164311579096,5295.89581425624
4131.81741345171,-543.864227599405,-543.864227599405,4677.63086247997
3954.62570454534,-315.395639527608,-315.395639527608,4785.97250007605
4130.36131804745,-753.510376083531,-753.510376083531,5072.76933304106
4028.47998835624,-628.984953164622,-628.984953164622,5202.05502353497
4009.7522988518,-386.797167050237,-386.797167050237,4924.70947125975
3869.53014300138,-856.399340192234,-856.399340192234,5177.76391780317
4153.65277571773,-512.997090212604,-512.997090212604,5212.68876462358
3934.80658137638,-631.680092270433,-631.680092270433,5196.25668035005
4185.67855518945,-612.301054081254,-612.301054081254,5030.80826661893
4052.1723553352,-483.006460569181,-483.006460569181,5154.96264381344
